{
    "data": [
        {
            "title": "太子妃吹出好莱坞效果！明星扎堆的影视城",
            "desc": "最近好看的剧太多了，《琅琊榜》《芈月传》《太子妃升职记》最是受人追捧，前俩者正剧布景恢宏，后者鼓风机吹出新境界，愣是让个穷酸剧组坐上新神剧宝座，殊不知，这几部都是在一个地方拍摄哒！想撞星追星，不去这些地方你就白瞎了，明星扎堆的节奏啊！盘点东方好莱坞几大影视城，你都去过吗？",
            "img": "https://p1.meituan.net/gpa/c5f5a4ea35d8a6ab77815efb94fc0722100193.jpg%40720w_348h_1e_1c_1l%7Cwatermark%3D1%26%26r%3D1%26p%3D9%26x%3D2%26y%3D2%26relative%3D1%26o%3D20",
            "bizType": 1,
            "view": 121017,
            "url": "https://m.dianping.com/toplist/detail?listId=2912469&t=1&source=2&utm_source=tpl_detail"
        },
        {
            "title": "真正的黑暗料理！大学食堂里有奇葩菜",
            "desc": "有一种人才，叫做食堂大厨，有一种传说中的菜系，叫做高校食堂菜。这些菜式搭配奇葩、颜色奇葩、味道更奇葩，主要烹饪方法有瞎特么炒、 乱特么炖，今天，小编特此盘点，这些年，大学食堂的奇葩菜。",
            "img": "https://p0.meituan.net/fifa/19f09afbef6c4a1d56f20727e18a178693641.jpg%40720w_348h_1e_1c_1l%7Cwatermark%3D1%26%26r%3D1%26p%3D9%26x%3D2%26y%3D2%26relative%3D1%26o%3D20",
            "bizType": 1,
            "view": 410633,
            "url": "https://m.dianping.com/toplist/detail?listId=2884414&t=1&source=2&utm_source=tpl_detail"
        },
        {
            "title": "我们都是甜品控，少女心爆棚的夏日甜品",
            "desc": "每款甜品，都承载着一个甜蜜的梦：好吃到没朋友的草莓拿破仑；忍不住都想去偷吃的浓厚乳酪；全手工打造的小清新蛋糕......每种甜品都有属于自己主打而独特的味道，让人念想不已。小编收集了夏天里少女心满满的甜品店，如果你还没有去过，依然敢自称嗷嗷待撩的少女吗？",
            "img": "https://p1.meituan.net/gpa/3a32ae7db4cb5ae69f7920011f12eed657811.jpg%40720w_348h_1e_1c_1l%7Cwatermark%3D1%26%26r%3D1%26p%3D9%26x%3D2%26y%3D2%26relative%3D1%26o%3D20",
            "bizType": 1,
            "view": 52675,
            "url": "https://m.dianping.com/toplist/detail?listId=2938777&t=1&source=2&utm_source=tpl_detail"
        },
        {
            "title": "温州资深吃货私藏的夜宵圣地",
            "desc": "天气越来越暖了，而温州的夜生活也开始啦，看个电影啊，听个演唱会啊，刷个KTV啊，又或者悲剧的加个班，一不小心就到了11、12点，甚至凌晨！肚子已经饿的咕咕叫，拿什么拯救你，我的胃？当然是——夜！宵！一起躁起来！",
            "img": "https://p0.meituan.net/fifa/d642338502278442bc205f6fb6fa539647288.jpg%40720w_348h_1e_1c_1l%7Cwatermark%3D1%26%26r%3D1%26p%3D9%26x%3D2%26y%3D2%26relative%3D1%26o%3D20",
            "bizType": 1,
            "view": 8348,
            "url": "https://m.dianping.com/toplist/detail?listId=2945420&t=1&source=2&utm_source=tpl_detail"
        },
        {
            "title": "春风十里不如睡你，让人一见倾心的浪漫酒店",
            "desc": "在这个明媚的春天里，我们怀着美好的心愿准备要深情地走遍世界，看最美的风景，结识更多有趣的人，品尝到传说中的美食，努力做一个有故事的人。出门在外，最重要就是安全和舒适了，小编心血推荐这些中国top榜单上令人一见倾心的浪漫酒店。不管你在哪个城市，总会有一家在你附近，选个周末带着你最爱的人一起睡睡吧，或者在长假期一家人去最理想的那家，体验一番也是特别的安逸。",
            "img": "https://p1.meituan.net/gpa/8dc9abb60543fa9a6bac29399a5024c5223540.png%40720w_348h_1e_1c_1l%7Cwatermark%3D1%26%26r%3D1%26p%3D9%26x%3D2%26y%3D2%26relative%3D1%26o%3D20",
            "bizType": 1,
            "view": 10253,
            "url": "https://m.dianping.com/toplist/detail?listId=2941727&t=1&source=2&utm_source=tpl_detail"
        },
        {
            "title": "从街头吃到街尾，让你欲罢不能的人气美食街",
            "desc": "对于吃货来说，出去旅游的意义除了欣赏风景以外，品尝当地美食也是必不可少的一个环节。而最地道最能代表一个地方风味的美食往往不存在于高大上的餐厅里，而是遍布于各大美食街的推车上。小编现在就来为大家细数让人流口水的国内著名的美食街",
            "img": "https://p1.meituan.net/gpa/b300b67b69b5d37e36e7527f10e12275218086.jpg%40720w_348h_1e_1c_1l%7Cwatermark%3D1%26%26r%3D1%26p%3D9%26x%3D2%26y%3D2%26relative%3D1%26o%3D20",
            "bizType": 1,
            "view": 16938,
            "url": "https://m.dianping.com/toplist/detail?listId=2938578&t=1&source=2&utm_source=tpl_detail"
        },
        {
            "title": "鲜的眉毛都掉下来的美味",
            "desc": "春回大地，也带来了专属于这个季节的独特美味！田间的野菜、河海的时鲜，无一不是散发着诱人香气的经典食材，快来看看这一道道“鲜得眉毛掉下来”的美味！",
            "img": "https://p0.meituan.net/gpa/20aa13237803d52c0b3c03c4dcbafc9c678679.jpg%40720w_348h_1e_1c_1l%7Cwatermark%3D1%26%26r%3D1%26p%3D9%26x%3D2%26y%3D2%26relative%3D1%26o%3D20",
            "bizType": 1,
            "view": 23114,
            "url": "https://m.dianping.com/toplist/detail?listId=2939453&t=1&source=2&utm_source=tpl_detail"
        },
        {
            "title": "吃韩剧美食，看仲基欧巴实力撩妹",
            "desc": "韩国料理思密达！最近太阳的后裔火遍天，看剧中仲基偶吧和乔妹吃韩国料理，有没有流口水呢？韩国料理时尚又健康，很受女性朋友的欢迎，韩国烤肉、韩国拌饭、韩国泡菜每一样都是人间美味……魔都这些不能错过的韩国料理，你最爱哪家？",
            "img": "https://p1.meituan.net/gpa/991e8afb0ca21aeb4c03b096e3f0b56b274029.png%40720w_348h_1e_1c_1l%7Cwatermark%3D1%26%26r%3D1%26p%3D9%26x%3D2%26y%3D2%26relative%3D1%26o%3D20",
            "bizType": 1,
            "view": 42453,
            "url": "https://m.dianping.com/toplist/detail?listId=2937035&t=1&source=2&utm_source=tpl_detail"
        },
        {
            "title": "又要去日本看樱花?!这里的樱花一样美醉人心",
            "desc": "每年3月至5月，各地樱花竞相开放。最受旅游者瞩目的是日本樱花季。其实，你也许不知道，即使不用走出国门，也可以欣赏到各式各样的落英缤纷。现在正是纯洁浪漫的樱花开的热烈的时候，趁着春日的阳光，小编带你去寻找国内最适合赏樱花的地方吧！",
            "img": "https://p0.meituan.net/gpa/c883ce764dd846cdbed9658ef73cf4c2206667.jpg%40720w_348h_1e_1c_1l%7Cwatermark%3D1%26%26r%3D1%26p%3D9%26x%3D2%26y%3D2%26relative%3D1%26o%3D20",
            "bizType": 1,
            "view": 7901,
            "url": "https://m.dianping.com/toplist/detail?listId=2923304&t=1&source=2&utm_source=tpl_detail"
        },
        {
            "title": "学仲基欧巴实力撩妹，带她去这些约会绝美地",
            "desc": "最近，一只行走的撩妹Boy不停地出现在小编的胖友圈，搞得人人血脉喷张，舔屏根本停不下来！小编挣扎着清醒过来，告诉大家，这部剧除了撩人的剧情，男女主角超高颜值，取景地也是超大手笔！希腊的沉船湾美如画，但离我们的距离实在太遥远了，小编特意为各位男性朋友搜集了中国约会绝美地，每一个都是实力撩妹地，剩下的怎么俘获女神芳心就看你们了！",
            "img": "https://p1.meituan.net/fifa/d9380c04b1381dda988244428de5b733172012.jpg%40720w_348h_1e_1c_1l%7Cwatermark%3D1%26%26r%3D1%26p%3D9%26x%3D2%26y%3D2%26relative%3D1%26o%3D20",
            "bizType": 1,
            "view": 26682,
            "url": "https://m.dianping.com/toplist/detail?listId=2926557&t=1&source=2&utm_source=tpl_detail"
        },
        {
            "title": "OMG，这些餐厅居然性冷淡？！",
            "desc": "美食圈刮起性冷淡风，又被称之为禁欲系风。其实，性冷淡风在时尚圈流行已久，大抵是说一些产品追求极简主义，黑白灰以及原木等自然色为主，不会出现任何扎眼和哗众取宠的设计，强调朴素不奢华。近来，这股风潮从时尚圈蔓延到餐饮界,这种低饱和度的视觉风格，更刺激挑拨着大家的食欲！小编特意为大家搜罗了全国这些极简“性冷淡”觅食地，教你如何在这些“性冷淡”餐厅吃到高潮！",
            "img": "https://p1.meituan.net/fifa/b94e5ca4b2df6048b4e342874f30a046303783.jpg%40720w_348h_1e_1c_1l%7Cwatermark%3D1%26%26r%3D1%26p%3D9%26x%3D2%26y%3D2%26relative%3D1%26o%3D20",
            "bizType": 1,
            "view": 145463,
            "url": "https://m.dianping.com/toplist/detail?listId=2920231&t=1&source=2&utm_source=tpl_detail"
        },
        {
            "title": "每逢佳节胖十斤？！",
            "desc": "小长假终于结束啦，都说每逢佳节胖三斤，这个春节你胖了吗？从超市出来的时候，保安把小编拦下，问小编肚子上塞了什么鼓鼓的！那是小编的肉，自己长得肉啊！说多了都是泪！小编决定从今天开始排油解毒！听说，吃这些馆子能瘦哦~快去试试看！",
            "img": "https://p1.meituan.net/gpa/fc6dc19dc6419101ca118cc67cd65ed3208086.jpg%40720w_348h_1e_1c_1l%7Cwatermark%3D1%26%26r%3D1%26p%3D9%26x%3D2%26y%3D2%26relative%3D1%26o%3D20",
            "bizType": 1,
            "view": 271738,
            "url": "https://m.dianping.com/toplist/detail?listId=2920654&t=1&source=2&utm_source=tpl_detail"
        },
        {
            "title": "SM风强势来袭！来一发抖S美食吧！",
            "desc": "有这么一些美食，他们靠创意的造型和诱人的口味吸引了大批食客，“抖M”的钢管鸡，“抖S”的血袋...虽然名字听起来有点“恐怖”，但依旧阻挡不了吃货对美食的热情。小编为重口吃货们准备了这份全国SM美食花名册，各位吃货爷们想要哪道销魂菜伺候就请往下看吧～",
            "img": "https://p1.meituan.net/gpa/98e6942d7b7bf19719a7b1ed553872bc274741.jpg%40720w_348h_1e_1c_1l%7Cwatermark%3D1%26%26r%3D1%26p%3D9%26x%3D2%26y%3D2%26relative%3D1%26o%3D20",
            "bizType": 1,
            "view": 158213,
            "url": "https://m.dianping.com/toplist/detail?listId=2920798&t=1&source=2&utm_source=tpl_detail"
        },
        {
            "title": "动物主题餐厅大搜罗！萌翻你的童心",
            "desc": "这两周都被动物城一只狐狸和一只兔子刷屏了，顺带连一只连笑都像慢动作回放的树濑也火了。很多姑娘嚷嚷着要嫁给这只撩妹技能满分的狐狸？好吧，我承认狐狸的男友力max！二次元的萌物比宋仲基欧巴还要难嫁，倒不如在看完电影继续来这些餐厅和这些可爱的动物一起玩耍吧！",
            "img": "https://p1.meituan.net/fifa/94f7286fc8e73123f994af94272ff3e698161.jpg%40720w_348h_1e_1c_1l%7Cwatermark%3D1%26%26r%3D1%26p%3D9%26x%3D2%26y%3D2%26relative%3D1%26o%3D20",
            "bizType": 1,
            "view": 135710,
            "url": "https://m.dianping.com/toplist/detail?listId=2926449&t=1&source=2&utm_source=tpl_detail"
        },
        {
            "title": "万万没想到！反差很大的奇葩美食",
            "desc": "#浅色#大天朝的美食确实是博大精深，什么都能做成吃食，今天小编要介绍的反差很大的奇葩美食，有些做法很有创意，有些食材吓人，有些外貌和口味完全南辕北辙，简直让人惊呼：万万没想到啊！",
            "img": "https://p0.meituan.net/fifa/b032cd831a767d6624c14379d34ea1f743838.jpg%40720w_348h_1e_1c_1l%7Cwatermark%3D1%26%26r%3D1%26p%3D9%26x%3D2%26y%3D2%26relative%3D1%26o%3D20",
            "bizType": 1,
            "view": 53147,
            "url": "https://m.dianping.com/toplist/detail?listId=2886404&t=1&source=2&utm_source=tpl_detail"
        },
        {
            "title": "全国必吃的100道招牌菜",
            "desc": "国庆送大礼！给你的家乡菜，点个赞，即可参与活动，小编将从所有参与点赞的会员中，抽出最幸运的3名，发放100元面值的星巴克礼品卡各一张！活动时间：即日-2015年10月8日24点，奖品发放日期：活动结束后3个工作日内与获奖者联系。还不赶紧行动！此活动仅限大众点评APP内参与！",
            "img": "https://p0.meituan.net/gpa/e6150b242057b72ebf29e9213ad7845c81912.jpg%40720w_348h_1e_1c_1l%7Cwatermark%3D1%26%26r%3D1%26p%3D9%26x%3D2%26y%3D2%26relative%3D1%26o%3D20",
            "bizType": 1,
            "view": 311253,
            "url": "https://m.dianping.com/toplist/detail?listId=1571422&t=1&source=2&utm_source=tpl_detail"
        },
        {
            "title": "吃货有童心！玩转各地稀奇古怪的主题餐厅",
            "desc": "好吃的餐馆很多，聪明人就想着把好玩、特别、美味集合于一身做一个有噱头的餐馆，于是各地稀奇古怪的主题餐厅出现的，影视、怀旧、武侠、童话、动漫各种好玩的场景、摆设第一眼就让人印象深刻。",
            "img": "https://p1.meituan.net/gpa/42ce6aad56cf0a70dcc9228a55326cbb93930.jpg%40720w_348h_1e_1c_1l%7Cwatermark%3D1%26%26r%3D1%26p%3D9%26x%3D2%26y%3D2%26relative%3D1%26o%3D20",
            "bizType": 1,
            "view": 510691,
            "url": "https://m.dianping.com/toplist/detail?listId=1595572&t=1&source=2&utm_source=tpl_detail"
        },
        {
            "title": "情话boy黄歇 请芈月吃遍浪漫小食",
            "desc": "#浅色#芈月跟黄歇青梅竹马，是从楚王宫里偷糕饼相识的。站在吃货的角度，留心小芈月的吃食未免觉得穿帮，战国那会儿哪儿有绿豆糕、桂花糕这些点心，窝窝头才更合乎国情吧！小编为你开扒一下楚（湖北湖南）、秦（陕西）、义渠（甘肃内蒙）等列国属地后来流传起来的小吃，带上你的情话boy去吃遍浪漫小食。",
            "img": "https://p0.meituan.net/gpa/58fb5505cf2fd1d28c99f7593b6c4f1749235.jpg%40720w_348h_1e_1c_1l%7Cwatermark%3D1%26%26r%3D1%26p%3D9%26x%3D2%26y%3D2%26relative%3D1%26o%3D20",
            "bizType": 1,
            "view": 376073,
            "url": "https://m.dianping.com/toplist/detail?listId=2909035&t=1&source=2&utm_source=tpl_detail"
        },
        {
            "title": "我跟圣诞有个约会！浪漫圣诞大餐吃起来",
            "desc": "叮叮当，叮叮当，铃儿响叮当，驯鹿已启程。圣诞老人和礼物在路上，今年的圣诞大餐你已经想好去哪里吃了吗？最最贴心的小编来啦，为你精挑细选各地人气餐厅，让你享用到完美的圣诞大餐。",
            "img": "https://p0.meituan.net/gpa/7061c63ce43d55fedd2d7ce8bfd625f829503.jpg%40720w_348h_1e_1c_1l%7Cwatermark%3D1%26%26r%3D1%26p%3D9%26x%3D2%26y%3D2%26relative%3D1%26o%3D20",
            "bizType": 1,
            "view": 10497,
            "url": "https://m.dianping.com/toplist/detail?listId=2909326&t=1&source=2&utm_source=tpl_detail"
        },
        {
            "title": "大片外景地 因为影视节目而爆火的地方",
            "desc": "有更多地方因为成为大片外景地或是人气节目拍摄地而解开了神秘面纱，名声大噪，这就来看看因为影视节目而火的地方。",
            "img": "https://p0.meituan.net/gpa/18bea0db8fd4e713f42f19f187adf41f256777.jpg%40720w_348h_1e_1c_1l%7Cwatermark%3D1%26%26r%3D1%26p%3D9%26x%3D2%26y%3D2%26relative%3D1%26o%3D20",
            "bizType": 1,
            "view": 15058,
            "url": "https://m.dianping.com/toplist/detail?listId=1602337&t=1&source=2&utm_source=tpl_detail"
        }
    ],
    "code": 200
}
